Authors,Author(s) ID,Title,Year,Source title,Volume,Issue,Art. No.,Page start,Page end,Page count,Cited by,DOI,Link,Document Type,Publication Stage,Access Type,Source,EID
"Rocle, N., Rey-Valette, H., Bertrand, F., Becu, N., Long, N., Bazart, C., Vye, D., Meur-Ferec, C., Beck, E., Amalric, M., Lautrédou-Audouy, N.","56955802800;18438026300;16634410400;6507192492;7101727056;36704343900;6508142342;6603496670;25229877200;26022758300;25723383700;","Paving the way to coastal adaptation pathways: An interdisciplinary approach based on territorial archetypes",2020,"Environmental Science and Policy","110",,,"34","45",,,"10.1016/j.envsci.2020.05.003","https://www.scopus.com/inward/record.uri?eid=2-s2.0-85084995890&doi=10.1016%2fj.envsci.2020.05.003&partnerID=40&md5=1dc9efb32cb85a6798f4886ea44fa61d",Article,"Final",,Scopus,2-s2.0-85084995890
"Nichiforel, L., Deuffic, P., Thorsen, B.J., Weiss, G., Hujala, T., Keary, K., Lawrence, A., Avdibegović, M., Dobšinská, Z., Feliciano, D., Górriz-Mifsud, E., Hoogstra-Klein, M., Hrib, M., Jarský, V., Jodłowski, K., Lukmine, D., Pezdevšek Malovrh, Nedeljković, J., Nonić, D., Krajter Ostoić, S., Pukall, K., Rondeux, J., Samara, T., Sarvašová, Z., Scriban, R.E., Šilingienė, R., Sinko, M., Stojanovska, M., Stojanovski, V., Stoyanov, T., Teder, M., Vennesland, B., Wilhelmsson, E., Wilkes-Allemann, J., Živojinović, I., Bouriaud, L.","37102413300;55970776800;6701749452;7401577575;23004765200;57201008566;56283151900;35745496700;55279776000;54796573800;56543802200;54911968400;6507052304;57193723965;57201013668;22234612100;56663157000;48061342900;26026363900;56593152900;56084430300;6602564671;12243952500;8266444600;57196422302;57201011919;55308543900;35747354100;55911483100;57215860647;16030104500;56273893600;56375810700;56507298600;56433443800;23987807800;","Two decades of forest-related legislation changes in European countries analysed from a property rights perspective",2020,"Forest Policy and Economics","115",, 102146,"","",,,"10.1016/j.forpol.2020.102146","https://www.scopus.com/inward/record.uri?eid=2-s2.0-85082106153&doi=10.1016%2fj.forpol.2020.102146&partnerID=40&md5=8bd77ca723d47fa1fd23dbcd549c6546",Article,"Final",Open Access,Scopus,2-s2.0-85082106153
"Carayon, D., Eulin-Garrigue, A., Vigouroux, R., Delmas, F.","57208398687;57215424550;7005369394;7005271568;","A new multimetric index for the evaluation of water ecological quality of French Guiana streams based on benthic diatoms",2020,"Ecological Indicators","113",, 106248,"","",,3,"10.1016/j.ecolind.2020.106248","https://www.scopus.com/inward/record.uri?eid=2-s2.0-85080907938&doi=10.1016%2fj.ecolind.2020.106248&partnerID=40&md5=fc924a6e5432d4f17c87a64bee28c162",Article,"Final",,Scopus,2-s2.0-85080907938
"Lawrence, A., Deuffic, P., Hujala, T., Nichiforel, L., Feliciano, D., Jodlowski, K., Lind, T., Marchal, D., Talkkari, A., Teder, M., Vilkriste, L., Wilhelmsson, E.","56283151900;55970776800;23004765200;37102413300;54796573800;57201013668;7102166698;34971637200;6602953205;16030104500;22235947200;56375810700;","Extension, advice and knowledge systems for private forestry: Understanding diversity and change across Europe",2020,"Land Use Policy","94",, 104522,"","",,3,"10.1016/j.landusepol.2020.104522","https://www.scopus.com/inward/record.uri?eid=2-s2.0-85079879298&doi=10.1016%2fj.landusepol.2020.104522&partnerID=40&md5=8850c7e5323266d3b9f7993feda6c04a",Article,"Final",,Scopus,2-s2.0-85079879298
"Agudelo-Vera, C., Avvedimento, S., Boxall, J., Creaco, E., de Kater, H., Nardo, A.D., Djukic, A., Douterelo, I., Fish, K.E., Rey, P.L.G., Jacimovic, N., Jacobs, H.E., Kapelan, Z., Solano, J.M., Pachongo, C.M., Piller, O., Quintiliani, C., Ručka, J., Tuhovčák, L., Blokker, M.","38861021800;57217024795;7004902724;56037591400;54917568000;57217345297;57211814673;12791330300;55837253900;57217345432;23467063300;7402131817;8273940200;57217345953;57217345502;23091947000;56826126600;15124159300;6506683395;57209733689;","Drinking water temperature around the globe: Understanding, policies, challenges and opportunities",2020,"Water (Switzerland)","12","4", 1049,"","",,,"10.3390/W12041049","https://www.scopus.com/inward/record.uri?eid=2-s2.0-85087105168&doi=10.3390%2fW12041049&partnerID=40&md5=fcedc0681b059dabae47dce50141ab00",Review,"Final",Open Access,Scopus,2-s2.0-85087105168
"Dumax, N., Rozan, A., Rulleau, B.","36450546000;6507752955;35093082200;","Adapted Habitat Evaluation Procedure and Choice Experiment: Substitutes or Complements?",2020,"Water Economics and Policy","6","2", 2050004,"","",,,"10.1142/S2382624X20500046","https://www.scopus.com/inward/record.uri?eid=2-s2.0-85085555887&doi=10.1142%2fS2382624X20500046&partnerID=40&md5=d4e0bea80ab06500896c968c312c2d45",Article,"Final",,Scopus,2-s2.0-85085555887
"Piller, O., Elhay, S., Deuerlein, J.W., Simpson, A.R.","23091947000;6603023411;23972116900;7402780493;","A Content-Based Active-Set Method for Pressure-Dependent Models of Water Distribution Systems with Flow Controls",2020,"Journal of Water Resources Planning and Management","146","4", 04020009,"","",,1,"10.1061/(ASCE)WR.1943-5452.0001160","https://www.scopus.com/inward/record.uri?eid=2-s2.0-85078099320&doi=10.1061%2f%28ASCE%29WR.1943-5452.0001160&partnerID=40&md5=3e1bcd570bbd88537f186d23fc52e859",Article,"Final",,Scopus,2-s2.0-85078099320
"Braun, M., Piller, O., Iollo, A., Mortazavi, I.","55463512700;23091947000;6603709897;55926409800;","A Spectral Approach to Uncertainty Quantification in Water Distribution Networks",2020,"Journal of Water Resources Planning and Management","146","3", 04019080,"","",,,"10.1061/(ASCE)WR.1943-5452.0001138","https://www.scopus.com/inward/record.uri?eid=2-s2.0-85077207897&doi=10.1061%2f%28ASCE%29WR.1943-5452.0001138&partnerID=40&md5=572b64d884fd2d53e694f13b042fbe74",Article,"Final",,Scopus,2-s2.0-85077207897
"Braun, M., Piller, O., Deuerlein, J., Mortazavi, I., Iollo, A.","55463512700;23091947000;23972116900;55926409800;6603709897;","Uncertainty quantification of water age in water supply systems by use of spectral propagation",2020,"Journal of Hydroinformatics","22","1",,"111","120",,1,"10.2166/hydro.2019.017","https://www.scopus.com/inward/record.uri?eid=2-s2.0-85085076028&doi=10.2166%2fhydro.2019.017&partnerID=40&md5=f4bc3ff094214621b7e81514dbf6a9fb",Article,"Final",Open Access,Scopus,2-s2.0-85085076028
"Deuffic, P., Ní Dhubháin, Á.","55970776800;6506365572;","Invisible losses. What a catastrophe does to forest owners’ identity and trust in afforestation programmes",2020,"Sociologia Ruralis","60","1",,"104","128",,,"10.1111/soru.12272","https://www.scopus.com/inward/record.uri?eid=2-s2.0-85073924683&doi=10.1111%2fsoru.12272&partnerID=40&md5=40866c73d3393fec07bc72e5a50ac9f5",Article,"Final",Open Access,Scopus,2-s2.0-85073924683
"Ayala-Cabrera, D., Piller, O., Herrera, M., Gilbert, D., Deuerlein, J.","36859418700;23091947000;35210396100;56260232300;23972116900;","Absorptive Resilience Phase Assessment Based on Criticality Performance Indicators for Water Distribution Networks",2019,"Journal of Water Resources Planning and Management","145","9", 04019037,"","",,,"10.1061/(ASCE)WR.1943-5452.0001097","https://www.scopus.com/inward/record.uri?eid=2-s2.0-85068638883&doi=10.1061%2f%28ASCE%29WR.1943-5452.0001097&partnerID=40&md5=6e9ab9aa6b48fe4e3c260b92dd67e3c0",Article,"Final",,Scopus,2-s2.0-85068638883
"Ruysschaert, D., Carter, C., Cheyns, E.","55900968200;23468735600;6507348003;","Territorializing effects of global standards: What is at stake in the case of ‘sustainable’ palm oil?",2019,"Geoforum","104",,,"1","12",,1,"10.1016/j.geoforum.2019.05.009","https://www.scopus.com/inward/record.uri?eid=2-s2.0-85066986522&doi=10.1016%2fj.geoforum.2019.05.009&partnerID=40&md5=606e23df405ce663bf1d6e98eadcec6f",Article,"Final",,Scopus,2-s2.0-85066986522
"Olivier, L., Dubois, V., LeGat, Y., Boutin, C.","57193276191;57194834035;36863904600;57212914856;","Statistical analysis of the effluent quality of 231 on-site sanitation facilities in France monitored during a 6-year period",2019,"Water Science and Technology","80","2",,"203","212",,1,"10.2166/wst.2019.252","https://www.scopus.com/inward/record.uri?eid=2-s2.0-85072374704&doi=10.2166%2fwst.2019.252&partnerID=40&md5=934cedde31559519d71cc2886ef71262",Article,"Final",Open Access,Scopus,2-s2.0-85072374704
"Merot, A., Alonso Ugaglia, A., Barbier, J.-M., Del’homme, B.","24467127000;55797383300;55850484100;57202018818;","Diversity of conversion strategies for organic vineyards",2019,"Agronomy for Sustainable Development","39","2", 16,"","",,1,"10.1007/s13593-019-0560-8","https://www.scopus.com/inward/record.uri?eid=2-s2.0-85062600068&doi=10.1007%2fs13593-019-0560-8&partnerID=40&md5=2bd98156d45ab292d85d5fe1caeb420b",Article,"Final",Open Access,Scopus,2-s2.0-85062600068
"Bello, O., Abu-Mahfouz, A.M., Hamam, Y., Page, P.R., Adedeji, K.B., Piller, O.","56078550000;54419433200;7004325075;7101869962;57188719612;23091947000;","Solving management problems in water distribution networks: A survey of approaches and mathematical models",2019,"Water (Switzerland)","11","3", 562,"","",,5,"10.3390/w11030562","https://www.scopus.com/inward/record.uri?eid=2-s2.0-85065032401&doi=10.3390%2fw11030562&partnerID=40&md5=ce41254dc1565945ef311b1d1cf69a57",Article,"Final",Open Access,Scopus,2-s2.0-85065032401
"Rey-Valette, H., Robert, S., Rulleau, B.","18438026300;57217310809;35093082200;","Resistance to relocation in flood-vulnerable coastal areas: a proposed composite index",2019,"Climate Policy","19","2",,"206","218",,4,"10.1080/14693062.2018.1482823","https://www.scopus.com/inward/record.uri?eid=2-s2.0-85048366276&doi=10.1080%2f14693062.2018.1482823&partnerID=40&md5=41f63b6c7a2227b0515ed8f19f1f11a9",Article,"Final",,Scopus,2-s2.0-85048366276
"Quiroga, S., Suarez, C., Ficko, A., Feliciano, D., Bouriaud, L., Brahic, E., Deuffic, P., Dobsinska, Z., Jarsky, V., Lawrence, A., Nybakk, E.","24333297700;36143433200;36007303300;54796573800;23987807800;56195791900;55970776800;55279776000;57193723965;56283151900;24367357200;","What influences European private forest owners’ affinity for subsidies?",2019,"Forest Policy and Economics","99",,,"136","144",,3,"10.1016/j.forpol.2018.08.008","https://www.scopus.com/inward/record.uri?eid=2-s2.0-85052736834&doi=10.1016%2fj.forpol.2018.08.008&partnerID=40&md5=13336f2a69b0aa41fd24ce0c66863734",Article,"Final",,Scopus,2-s2.0-85052736834
"Koundouri, P., Rulleau, B.","14060612200;35093082200;","Valuing water: Selected applications",2019,"Water Resources and Economics","25",,,"1","",,1,"10.1016/j.wre.2018.11.001","https://www.scopus.com/inward/record.uri?eid=2-s2.0-85057070916&doi=10.1016%2fj.wre.2018.11.001&partnerID=40&md5=77a032e7bc9644d9820a305649c21494",Editorial,"Final",Open Access,Scopus,2-s2.0-85057070916
"Deuerlein, J.W., Piller, O., Elhay, S., Simpson, A.R.","23972116900;23091947000;6603023411;7402780493;","Content-Based active-set method for the pressure-dependent model of water distribution systems",2019,"Journal of Water Resources Planning and Management","145","1", 04018082,"","",,4,"10.1061/(ASCE)WR.1943-5452.0001003","https://www.scopus.com/inward/record.uri?eid=2-s2.0-85055023434&doi=10.1061%2f%28ASCE%29WR.1943-5452.0001003&partnerID=40&md5=03e894cbd5f8e9b25193e6a2c11c116a",Article,"Final",,Scopus,2-s2.0-85055023434
"Deuffic, P., Sotirov, M., Arts, B.","55970776800;36188782600;6602227423;","“Your policy, my rationale”. How individual and structural drivers influence European forest owners’ decisions",2018,"Land Use Policy","79",,,"1024","1038",,7,"10.1016/j.landusepol.2016.09.021","https://www.scopus.com/inward/record.uri?eid=2-s2.0-85057331402&doi=10.1016%2fj.landusepol.2016.09.021&partnerID=40&md5=c687b2a356ab456682aa475ff65bbce0",Article,"Final",,Scopus,2-s2.0-85057331402
"Sergent, A., Arts, B., Edwards, P.","56236098400;6602227423;55828150399;","Governance arrangements in the European forest sector: Shifts towards ‘new governance’ or maintenance of state authority?",2018,"Land Use Policy","79",,,"968","976",,2,"10.1016/j.landusepol.2016.08.036","https://www.scopus.com/inward/record.uri?eid=2-s2.0-85057299198&doi=10.1016%2fj.landusepol.2016.08.036&partnerID=40&md5=9cce771a16799574132df3730d61d6a8",Article,"Final",,Scopus,2-s2.0-85057299198
"Chavent, M., Kuentz-Simonet, V., Labenne, A., Saracco, J.","9433737700;55110469000;55934944100;7005860687;","ClustGeo: an R package for hierarchical clustering with spatial constraints",2018,"Computational Statistics","33","4",,"1799","1822",,11,"10.1007/s00180-018-0791-1","https://www.scopus.com/inward/record.uri?eid=2-s2.0-85040667990&doi=10.1007%2fs00180-018-0791-1&partnerID=40&md5=4142a0c314fe602d6ffc2bec6fdf06eb",Article,"Final",,Scopus,2-s2.0-85040667990
"Hautdidier, B., Banos, V., Deuffic, P., Sergent, A.","6505945028;35191532800;55970776800;56236098400;","‘Leopards’ under the pines: An account of continuity and change in the integration of forest land-uses in Landes de Gascogne, France",2018,"Land Use Policy","79",,,"990","1000",,3,"10.1016/j.landusepol.2016.04.026","https://www.scopus.com/inward/record.uri?eid=2-s2.0-85029181233&doi=10.1016%2fj.landusepol.2016.04.026&partnerID=40&md5=96ec1e046dbf108510fa4ced394118eb",Article,"Final",,Scopus,2-s2.0-85029181233
"Aka, J., Ugaglia, A.A., Lescot, J.-M.","57193347098;55934744700;20435882900;","Pesticide Use and Risk Aversion in the French Wine Sector",2018,"Journal of Wine Economics","13","4",,"409","418",,2,"10.1017/jwe.2018.55","https://www.scopus.com/inward/record.uri?eid=2-s2.0-85060393720&doi=10.1017%2fjwe.2018.55&partnerID=40&md5=945d8816e98a122aa499cc97e0fee6fe",Conference Paper,"Final",,Scopus,2-s2.0-85060393720
"Do, N.C., Simpson, A.R., Deuerlein, J.W., Piller, O.","55837383300;7402780493;23972116900;23091947000;","Locating inadvertently partially closed valves in water distribution systems",2018,"Journal of Water Resources Planning and Management","144","8", 04018039,"","",,4,"10.1061/(ASCE)WR.1943-5452.0000958","https://www.scopus.com/inward/record.uri?eid=2-s2.0-85047524758&doi=10.1061%2f%28ASCE%29WR.1943-5452.0000958&partnerID=40&md5=72bfe80c7ba3bcf780477cbf67e228fd",Article,"Final",,Scopus,2-s2.0-85047524758
"Meybeck, M., Lestel, L., Carré, C., Bouleau, G., Garnier, J., Mouchel, J.M.","7004140145;57205007999;13410326200;17341929200;7201815156;57190234716;","Trajectories of river chemical quality issues over the Longue Durée: the Seine River (1900S–2010)",2018,"Environmental Science and Pollution Research","25","24",,"23468","23484",,8,"10.1007/s11356-016-7124-0","https://www.scopus.com/inward/record.uri?eid=2-s2.0-84978050016&doi=10.1007%2fs11356-016-7124-0&partnerID=40&md5=1a54b6c456469a33c39743a8f0ce4992",Article,"Final",,Scopus,2-s2.0-84978050016
"Nichiforel, L., Keary, K., Deuffic, P., Weiss, G., Thorsen, B.J., Winkel, G., Avdibegović, M., Dobšinská, Z., Feliciano, D., Gatto, P., Gorriz Mifsud, E., Hoogstra-Klein, M., Hrib, M., Hujala, T., Jager, L., Jarský, V., Jodłowski, K., Lawrence, A., Lukmine, D., Pezdevšek Malovrh, Š., Nedeljković, J., Nonić, D., Krajter Ostoić, S., Pukall, K., Rondeux, J., Samara, T., Sarvašová, Z., Scriban, R.E., Šilingienė, R., Sinko, M., Stojanovska, M., Stojanovski, V., Stoyanov, N., Teder, M., Vennesland, B., Vilkriste, L., Wilhelmsson, E., Wilkes-Allemann, J., Bouriaud, L.","37102413300;57201008566;55970776800;7401577575;6701749452;26634538900;35745496700;55279776000;54796573800;23392348600;56543802200;54911968400;6507052304;23004765200;57201009313;57193723965;57201013668;56283151900;22234612100;56663157000;48061342900;26026363900;56593152900;56084430300;6602564671;12243952500;8266444600;57196422302;57201011919;55308543900;35747354100;55911483100;56362921500;16030104500;56273893600;22235947200;56375810700;56507298600;23987807800;","How private are Europe's private forests? A comparative property rights analysis",2018,"Land Use Policy","76",,,"535","552",,25,"10.1016/j.landusepol.2018.02.034","https://www.scopus.com/inward/record.uri?eid=2-s2.0-85042852667&doi=10.1016%2fj.landusepol.2018.02.034&partnerID=40&md5=e47ca4260d0ad7a355402b8d686c2518",Article,"Final",Open Access,Scopus,2-s2.0-85042852667
"Rocle, N., Salles, D.","56955802800;40661801000;","“Pioneers but not guinea pigs”: experimenting with climate change adaptation in French coastal areas",2018,"Policy Sciences","51","2",,"231","247",,5,"10.1007/s11077-017-9279-z","https://www.scopus.com/inward/record.uri?eid=2-s2.0-85011256335&doi=10.1007%2fs11077-017-9279-z&partnerID=40&md5=b7de551c585408ba3e8a1f9dcd53b325",Article,"Final",,Scopus,2-s2.0-85011256335
"Kleinschmit, D., Secco, L., Sergent, A., Wallin, I., Pülzl, H.","23466984600;26656207800;56236098400;56524311400;24832318900;","Research trends: Orchestrating forest policy-making: Involvement of scientists and stakeholders in political processes",2018,"Forest Policy and Economics","89",,,"1","3",,,"10.1016/j.forpol.2018.01.003","https://www.scopus.com/inward/record.uri?eid=2-s2.0-85042863470&doi=10.1016%2fj.forpol.2018.01.003&partnerID=40&md5=d63d787587048a6b3a1dcdeff24f4c49",Editorial,"Final",,Scopus,2-s2.0-85042863470
"Drouineau, H., Carter, C., Rambonilaza, M., Beaufaron, G., Bouleau, G., Gassiat, A., Lambert, P., le Floch, S., Tétard, S., de Oliveira, E.","23100094600;23468735600;22986380300;57200596056;17341929200;55770422600;16063798300;6701430165;57021737100;56623964200;","River Continuity Restoration and Diadromous Fishes: Much More than an Ecological Issue",2018,"Environmental Management","61","4",,"671","686",,9,"10.1007/s00267-017-0992-3","https://www.scopus.com/inward/record.uri?eid=2-s2.0-85041833672&doi=10.1007%2fs00267-017-0992-3&partnerID=40&md5=74e8a7c5d07a67de3ba3ba553d08260b",Article,"Final",,Scopus,2-s2.0-85041833672
"Elhay, S., Deuerlein, J., Piller, O., Simpson, A.R.","6603023411;23972116900;23091947000;7402780493;","Graph partitioning in the analysis of pressure dependent water distribution systems",2018,"Journal of Water Resources Planning and Management","144","4", 04018011,"","",,1,"10.1061/(ASCE)WR.1943-5452.0000896","https://www.scopus.com/inward/record.uri?eid=2-s2.0-85041804040&doi=10.1061%2f%28ASCE%29WR.1943-5452.0000896&partnerID=40&md5=1e13e61d9c2627bef725d56d2f351b26",Article,"Final",,Scopus,2-s2.0-85041804040
"Kleinschmit, D., Pülzl, H., Secco, L., Sergent, A., Wallin, I.","23466984600;24832318900;26656207800;56236098400;56524311400;","Orchestration in political processes: Involvement of experts, citizens, and participatory professionals in forest policy making",2018,"Forest Policy and Economics","89",,,"4","15",,10,"10.1016/j.forpol.2017.12.011","https://www.scopus.com/inward/record.uri?eid=2-s2.0-85041238140&doi=10.1016%2fj.forpol.2017.12.011&partnerID=40&md5=456b98e8445c936994d5f7977f91f1fc",Article,"Final",,Scopus,2-s2.0-85041238140
"Renaud, E., Pillot, J., Aubrun, C., Bréjoux, E., Augeard, B.","54891630000;56480193900;57200687849;57200690491;16644542800;","Water loss reduction: A new approach to achieve real water savings and environmental benefits",2018,"Water Science and Technology: Water Supply","18","1",,"251","258",,1,"10.2166/ws.2017.099","https://www.scopus.com/inward/record.uri?eid=2-s2.0-85042190869&doi=10.2166%2fws.2017.099&partnerID=40&md5=48fc1a465fbe59bc9f914936f8bbdbec",Article,"Final",Open Access,Scopus,2-s2.0-85042190869
"Kabaasha, A.M., Piller, O., van Zyl, J.E.","57170727600;23091947000;12242479800;","Incorporating the modified orifice equation into pipe network solvers for more realistic leakage modeling",2018,"Journal of Hydraulic Engineering","144","2", 04017064,"","",,1,"10.1061/(ASCE)HY.1943-7900.0001410","https://www.scopus.com/inward/record.uri?eid=2-s2.0-85038405145&doi=10.1061%2f%28ASCE%29HY.1943-7900.0001410&partnerID=40&md5=3dce7ced09bfb9c1d12830f76e259b48",Article,"Final",,Scopus,2-s2.0-85038405145
"Nafi, A., Crastes, E., Sadiq, R., Gilbert, D., Piller, O.","23995343600;57193948605;7003604679;56260232300;23091947000;","Intentional contamination of water distribution networks: developing indicators for sensitivity and vulnerability assessments",2018,"Stochastic Environmental Research and Risk Assessment","32","2",,"527","544",,,"10.1007/s00477-017-1415-y","https://www.scopus.com/inward/record.uri?eid=2-s2.0-85017587209&doi=10.1007%2fs00477-017-1415-y&partnerID=40&md5=f660dbdee869dc91aa45cb00f707f840",Article,"Final",,Scopus,2-s2.0-85017587209
"Boschet, C., Rambonilaza, T.","55887446800;15832927600;","Collaborative environmental governance and transaction costs in partnerships: evidence from a social network approach to water management in France",2018,"Journal of Environmental Planning and Management","61","1",,"105","123",,4,"10.1080/09640568.2017.1290589","https://www.scopus.com/inward/record.uri?eid=2-s2.0-85014745185&doi=10.1080%2f09640568.2017.1290589&partnerID=40&md5=8a56647047579346552747303a52bac2",Article,"Final",,Scopus,2-s2.0-85014745185
"Rey-Valette, H., Lambert, M.-L., Vianey, G., Rulleau, B., André, C., Lautrédou-Audouy, N.","18438026300;57198497500;15023696900;35093082200;34976286600;25723383700;","Acceptability of property relocation due to sea level rise: Perceptions of new measures of land governance [Acceptabilité des relocalisations des biens face à l'élévation du niveau de la mer: Perceptions de nouveaux dispositifs de gouvernance du foncier]",2018,"Geographie Economie Societe","20","3",,"359","379",,,"10.3166/ges.2018.0005","https://www.scopus.com/inward/record.uri?eid=2-s2.0-85056087234&doi=10.3166%2fges.2018.0005&partnerID=40&md5=7f1b8045773ec4cf9069d67208f8d88d",Article,"Final",,Scopus,2-s2.0-85056087234
"Braun, M., Piller, O., Deuerlein, J., Mortazavi, I.","55463512700;23091947000;23972116900;55926409800;","Limitations of demand-A nd pressure-driven modeling for large deficient networks",2017,"Drinking Water Engineering and Science","10","2",,"93","98",,8,"10.5194/dwes-10-93-2017","https://www.scopus.com/inward/record.uri?eid=2-s2.0-85031129389&doi=10.5194%2fdwes-10-93-2017&partnerID=40&md5=77f7ccee9650a172c4e18321675436a3",Article,"Final",Open Access,Scopus,2-s2.0-85031129389
"Agossou, G., Gbehounou, G., Zahm, F., Agbossou, E.K.","57216558075;7801428291;12806598200;13406885700;","Adaptation of the “indicateurs de durabilité des exploitations agricoles (IDEA)” method for assessing sustainability of farms in the lower valley of ouémé river in the Republic of Benin",2017,"Outlook on Agriculture","46","3",,"185","194",,1,"10.1177/0030727017726130","https://www.scopus.com/inward/record.uri?eid=2-s2.0-85054853411&doi=10.1177%2f0030727017726130&partnerID=40&md5=a51aab97428055ef8f50418e13735ec6",Article,"Final",,Scopus,2-s2.0-85054853411
"van Zyl, H.J., Ilemobade, A.A., van Zyl, J.E., Le Gat, Y.","57193663342;35326690900;12242479800;7801689099;","Statistical characterisation and estimation of non-domestic water demand",2017,"Urban Water Journal","14","7",,"720","726",,,"10.1080/1573062X.2016.1253753","https://www.scopus.com/inward/record.uri?eid=2-s2.0-84996520949&doi=10.1080%2f1573062X.2016.1253753&partnerID=40&md5=25a29d6d7aede608c0ae8380922c9daf",Article,"Final",,Scopus,2-s2.0-84996520949
"Feliciano, D., Bouriaud, L., Brahic, E., Deuffic, P., Dobsinska, Z., Jarsky, V., Lawrence, A., Nybakk, E., Quiroga, S., Suarez, C., Ficko, A.","54796573800;23987807800;56195791900;55970776800;55279776000;57193723965;56283151900;24367357200;24333297700;36143433200;36007303300;","Understanding private forest owners’ conceptualisation of forest management: Evidence from a survey in seven European countries",2017,"Journal of Rural Studies","54",,,"162","176",,27,"10.1016/j.jrurstud.2017.06.016","https://www.scopus.com/inward/record.uri?eid=2-s2.0-85022043732&doi=10.1016%2fj.jrurstud.2017.06.016&partnerID=40&md5=b2971236969c78d92f6e45f2b3062743",Article,"Final",,Scopus,2-s2.0-85022043732
"Ung, H., Piller, O., Gilbert, D., Mortazavi, I.","55925534700;23091947000;56260232300;55926409800;","Accurate and optimal sensor placement for source identification of water distribution networks",2017,"Journal of Water Resources Planning and Management","143","8", 04017032,"","",,7,"10.1061/(ASCE)WR.1943-5452.0000777","https://www.scopus.com/inward/record.uri?eid=2-s2.0-85018381276&doi=10.1061%2f%28ASCE%29WR.1943-5452.0000777&partnerID=40&md5=472fc5532855eaf987a04cde068ee51d",Article,"Final",,Scopus,2-s2.0-85018381276
"Banos, V., Dehez, J.","35191532800;24463170100;","In the eye of the storm: Harvesting tree stumps and the energy transition [Le bois-énergie dans la tempête, entre innovation et captation? Les nouvelles ressources de la forêt landaise]",2017,"Natures Sciences Societes","25","2",,"122","133",,,"10.1051/nss/2017024","https://www.scopus.com/inward/record.uri?eid=2-s2.0-85028474613&doi=10.1051%2fnss%2f2017024&partnerID=40&md5=b47800678f63bf5018e1cde3df67f8eb",Article,"Final",Open Access,Scopus,2-s2.0-85028474613
"Kuentz-Simonet, V., Labenne, A., Rambonilaza, T.","55110469000;55934944100;15832927600;","Using ClustOfVar to Construct Quality of Life Indicators for Vulnerability Assessment Municipality Trajectories in Southwest France from 1999 to 2009",2017,"Social Indicators Research","131","3",,"973","997",,6,"10.1007/s11205-016-1288-3","https://www.scopus.com/inward/record.uri?eid=2-s2.0-84960350101&doi=10.1007%2fs11205-016-1288-3&partnerID=40&md5=bd1d29a29100ade87ca1064047894b5f",Article,"Final",,Scopus,2-s2.0-84960350101
"Vanderlinden, J.-P., Baztan, J., Touili, N., Kane, I.O., Rulleau, B., Simal, P.D., Pietrantoni, L., Prati, G., Zagonari, F.","6701819099;56009939600;56009263300;56008860500;35093082200;55932592900;16022817100;57205926787;6506060546;","Coastal Flooding, Uncertainty and Climate Change: Science as a Solution to (mis) Perceptions? A Qualitative Enquiry in Three Coastal European Settings",2017,"Journal of Coastal Research","2017-Spring",,,"127","133",,4,"10.2112/SI77-013.1","https://www.scopus.com/inward/record.uri?eid=2-s2.0-85021412275&doi=10.2112%2fSI77-013.1&partnerID=40&md5=9b05c57f1d108abcc034a661aff3c384",Article,"Final",,Scopus,2-s2.0-85021412275
"Vernier, F., Leccia-Phelpin, O., Lescot, J.-M., Minette, S., Miralles, A., Barberis, D., Scordia, C., Kuentz-Simonet, V., Tonneau, J.-P.","8888607200;55115860100;20435882900;57191487712;7006811060;57216330531;57216329430;55110469000;7801491948;","Integrated modeling of agricultural scenarios (IMAS) to support pesticide action plans: the case of the Coulonge drinking water catchment area (SW France)",2017,"Environmental Science and Pollution Research","24","8",,"6923","6950",,4,"10.1007/s11356-016-7657-2","https://www.scopus.com/inward/record.uri?eid=2-s2.0-84990925073&doi=10.1007%2fs11356-016-7657-2&partnerID=40&md5=9dfcb1f2405a634b512b4794b2a197be",Article,"Final",,Scopus,2-s2.0-84990925073
"Piller, O., Elhay, S., Deuerlein, J., Simpson, A.R.","23091947000;6603023411;23972116900;7402780493;","Local sensitivity of pressure-driven modeling and demand-driven modeling steady-state solutions to variations in parameters",2017,"Journal of Water Resources Planning and Management","143","2", 04016074,"","",,11,"10.1061/(ASCE)WR.1943-5452.0000729","https://www.scopus.com/inward/record.uri?eid=2-s2.0-85010567613&doi=10.1061%2f%28ASCE%29WR.1943-5452.0000729&partnerID=40&md5=776182281af41676bd09d3755cfb0353",Article,"Final",,Scopus,2-s2.0-85010567613
"Krieger, S.-J., Deldrève, V., Lewis, N.","57193209062;6504017992;57203421621;","Écologisation des loisirs de nature, entre ensauvagement et domestication",2017,"Loisir et Societe","40","1",,"25","38",,2,"10.1080/07053436.2017.1282039","https://www.scopus.com/inward/record.uri?eid=2-s2.0-85011659611&doi=10.1080%2f07053436.2017.1282039&partnerID=40&md5=38540cf14118e7ef4f091128b4042965",Article,"Final",,Scopus,2-s2.0-85011659611
"Labbouz, B., Salles, D., Valette, P.","57195604188;40661801000;46462217700;","Global change adaptation - Scenarios - Interdisciplinary - River-estuarine environment - Garonne-gironde [Les territoires garonnais face aux changements globaux: Quatre adaptations possibles en 2050]",2017,"Sud-Ouest Europeen","2017-January","44",,"71","82",,,"10.4000/soe.3342","https://www.scopus.com/inward/record.uri?eid=2-s2.0-85048539148&doi=10.4000%2fsoe.3342&partnerID=40&md5=75779af90a6610dcb9d8f4a0b213858a",Review,"Final",Open Access,Scopus,2-s2.0-85048539148
"Sergent, A.","56236098400;","Why french forest policy wants nothing to do with the territorial approach [Pourquoi la politique forestière française ne veut pas du territoire]",2017,"Revue Forestiere Francaise","69","2",,"99","109",,1,"10.4267/2042/64089","https://www.scopus.com/inward/record.uri?eid=2-s2.0-85038350639&doi=10.4267%2f2042%2f64089&partnerID=40&md5=86faa24bec5d384a178c5807c9d32d19",Article,"Final",Open Access,Scopus,2-s2.0-85038350639
"Do, N., Simpson, A., Deuerlein, J., Piller, O.","55837383300;7402780493;23972116900;23091947000;","Demand Estimation in Water Distribution Systems: Solving Underdetermined Problems Using Genetic Algorithms",2017,"Procedia Engineering","186",,,"193","201",,7,"10.1016/j.proeng.2017.03.227","https://www.scopus.com/inward/record.uri?eid=2-s2.0-85020804224&doi=10.1016%2fj.proeng.2017.03.227&partnerID=40&md5=10a33d110badad8b6816358f68153023",Conference Paper,"Final",Open Access,Scopus,2-s2.0-85020804224
"Dehez, J., Banos, V.","24463170100;35191532800;","Territorial development in the face of energy transition. The case of wood biomass in Southwest France [Le développement territorial à l'épreuve de la transition énergétique Le cas du bois énergie]",2017,"Geographie Economie Societe","19","1",,"109","131",,,"10.3166/ges.19.2017.0005","https://www.scopus.com/inward/record.uri?eid=2-s2.0-85019151704&doi=10.3166%2fges.19.2017.0005&partnerID=40&md5=a4fc3530a883dc50561d4b6fda6150fe",Article,"Final",,Scopus,2-s2.0-85019151704
